bus name,Bus_type,Start_time,End_time,Total_duration,Price,Seats_Available,Ratings,Route_link,Route_name
HRTC - 401271,Ordinary 3+2 Non AC Seater,8:45,11:30,02h 45m,INR 218,37 Seats available,3.9,https://www.redbus.in/bus-tickets/ghumarwin-to-chandigarh,Ghumarwin to Chandigarh
HRTC - 401269,Ordinary 3+2 Non AC Seater,7:40,10:30,02h 50m,INR 218,36 Seats available,"4.4
5",https://www.redbus.in/bus-tickets/ghumarwin-to-chandigarh,Ghumarwin to Chandigarh
HRTC - 1567,Ordinary 3+2 Non AC Seater,9:00,11:50,02h 50m,INR 218,39 Seats available,"4.7
6",https://www.redbus.in/bus-tickets/ghumarwin-to-chandigarh,Ghumarwin to Chandigarh
HRTC - 1107,Ordinary 3+2 Non AC Seater,20:30,23:20,02h 50m,INR 218,36 Seats available,3.9,https://www.redbus.in/bus-tickets/ghumarwin-to-chandigarh,Ghumarwin to Chandigarh
HRTC - 663,Ordinary 3+2 Non AC Seater,6:35,9:30,02h 55m,INR 218,24 Seats available,"3.8
14",https://www.redbus.in/bus-tickets/ghumarwin-to-chandigarh,Ghumarwin to Chandigarh
HRTC - 401270,Ordinary 3+2 Non AC Seater,18:10,21:05,02h 55m,INR 218,33 Seats available,"4.0
6",https://www.redbus.in/bus-tickets/ghumarwin-to-chandigarh,Ghumarwin to Chandigarh
HRTC - 887,Ordinary 3+2 Non AC Seater,8:00,11:00,03h 00m,INR 218,37 Seats available,3.9,https://www.redbus.in/bus-tickets/ghumarwin-to-chandigarh,Ghumarwin to Chandigarh
HRTC - 1467,Ordinary 3+2 Non AC Seater,12:20,15:20,03h 00m,INR 218,31 Seats available,"4.2
19",https://www.redbus.in/bus-tickets/ghumarwin-to-chandigarh,Ghumarwin to Chandigarh
HRTC - 763,Ordinary 3+2 Non AC Seater,19:40,22:40,03h 00m,INR 223,37 Seats available,3.9,https://www.redbus.in/bus-tickets/ghumarwin-to-chandigarh,Ghumarwin to Chandigarh
HRTC - 667,Ordinary 3+2 Non AC Seater,5:45,8:50,03h 05m,INR 218,33 Seats available,"3.0
7",https://www.redbus.in/bus-tickets/ghumarwin-to-chandigarh,Ghumarwin to Chandigarh
HRTC - 700,Himsuta AC Seater Volvo/Scania 2+2,20:00,23:30,03h 30m,INR 459,6 Seats available,3.9,https://www.redbus.in/bus-tickets/ghumarwin-to-chandigarh,Ghumarwin to Chandigarh
Ram Dalal Holidays,Volvo A/C Semi Sleeper (2+2),23:30,3:10,03h 40m,780,28 Seats available,4.5,https://www.redbus.in/bus-tickets/ghumarwin-to-chandigarh,Ghumarwin to Chandigarh
HRTC - 616,A/C Executive (2+3),6:00,9:50,03h 50m,INR 340,31 Seats available,"4.3
87",https://www.redbus.in/bus-tickets/hamirpur-himachal-pradesh-to-chandigarh,Hamirpur (Himachal Pradesh) to Chandigarh
HRTC - 78,Himsuta AC Seater Volvo/Scania 2+2,21:15,1:05,03h 50m,INR 464,32 Seats available,3.9,https://www.redbus.in/bus-tickets/ghumarwin-to-chandigarh,Ghumarwin to Chandigarh
HRTC - 750,A/C Executive (2+3),20:30,0:25,03h 55m,INR 270,44 Seats available,3.9,https://www.redbus.in/bus-tickets/ghumarwin-to-chandigarh,Ghumarwin to Chandigarh
HRTC - 401269,Ordinary 3+2 Non AC Seater,6:30,10:30,04h 00m,INR 310,36 Seats available,"4.6
8",https://www.redbus.in/bus-tickets/hamirpur-himachal-pradesh-to-chandigarh,Hamirpur (Himachal Pradesh) to Chandigarh
HRTC - 401669,Ordinary 3+2 Non AC Seater,10:35,14:40,04h 05m,INR 310,33 Seats available,"4.5
10",https://www.redbus.in/bus-tickets/chandigarh-to-hamirpur-himachal-pradesh,Chandigarh to Hamirpur (Himachal Pradesh)
HRTC - 9236,A/C Executive (2+3),12:05,16:10,04h 05m,INR 340,27 Seats available,"4.5
158",https://www.redbus.in/bus-tickets/chandigarh-to-hamirpur-himachal-pradesh,Chandigarh to Hamirpur (Himachal Pradesh)
HRTC - 141,Ordinary 3+2 Non AC Seater,7:25,11:30,04h 05m,INR 242,37 Seats available,3.9,https://www.redbus.in/bus-tickets/shimla-to-chandigarh,Shimla to Chandigarh
HRTC - 101,Ordinary 3+2 Non AC Seater,6:12,10:20,04h 08m,INR 242,37 Seats available,"4.7
11",https://www.redbus.in/bus-tickets/shimla-to-chandigarh,Shimla to Chandigarh
HRTC - 140,Ordinary 3+2 Non AC Seater,6:40,10:50,04h 10m,INR 242,23 Seats available,"2.9
4",https://www.redbus.in/bus-tickets/shimla-to-chandigarh,Shimla to Chandigarh
Laxmi holidays,VE A/C Semi Sleeper (2+2),19:35,23:55,04h 20m,854,27 Seats available,"4.1
50",https://www.redbus.in/bus-tickets/kangra-to-chandigarh,Kangra to Chandigarh
HRTC - 401260,Ordinary 3+2 Non AC Seater,14:30,19:00,04h 30m,INR 240,37 Seats available,3.9,https://www.redbus.in/bus-tickets/ghumarwin-to-chandigarh,Ghumarwin to Chandigarh
HRTC - 2030250,Ordinary 3+2 Non AC Seater,16:30,21:38,05h 08m,INR 467,37 Seats available,3.9,https://www.redbus.in/bus-tickets/chandigarh-to-kullu,Chandigarh to Kullu
HRTC - 1529,Ordinary 3+2 Non AC Seater,13:56,19:05,05h 09m,INR 364,37 Seats available,"3.2
8",https://www.redbus.in/bus-tickets/chandigarh-to-hamirpur-himachal-pradesh,Chandigarh to Hamirpur (Himachal Pradesh)
NueGo,Electric A/C Seater (2+2),6:00,11:15,05h 15m,356,13 Seats available,"4.2
295",https://www.redbus.in/bus-tickets/delhi-to-chandigarh,Delhi to Chandigarh
Laxmi holidays,Volvo 9600 A/C Semi Sleeper (2+2),22:50,4:15,05h 25m,664,27 Seats available,"4.8
66",https://www.redbus.in/bus-tickets/chandigarh-to-kullu,Chandigarh to Kullu
RSRTC - 183801,Express Non AC Seater 2+3,15:30,21:00,05h 30m,INR 320,42 Seats available,3.6,https://www.redbus.in/bus-tickets/delhi-to-chandigarh,Delhi to Chandigarh
GK Travels,A/C Seater/Sleeper (2+1),4:30,10:00,05h 30m,INR 999,15 Seats available,3.6,https://www.redbus.in/bus-tickets/delhi-to-chandigarh,Delhi to Chandigarh
HRTC - 1526,Ordinary 3+2 Non AC Seater,15:30,21:00,05h 30m,INR 390,27 Seats available,3.9,https://www.redbus.in/bus-tickets/chandigarh-to-kangra,Chandigarh to Kangra
HRTC - 1231,Ordinary 3+2 Non AC Seater,22:40,4:22,05h 42m,INR 501,37 Seats available,3.9,https://www.redbus.in/bus-tickets/chandigarh-to-kullu,Chandigarh to Kullu
Laxmi holidays,Volvo 9600 A/C Semi Sleeper (2+2),19:10,1:00,05h 50m,569,27 Seats available,"4.7
39",https://www.redbus.in/bus-tickets/kangra-to-chandigarh,Kangra to Chandigarh
HRTC - 1137,Ordinary 3+2 Non AC Seater,14:25,20:15,05h 50m,INR 390,37 Seats available,3.9,https://www.redbus.in/bus-tickets/chandigarh-to-kangra,Chandigarh to Kangra
Zingbus Plus,Volvo A/C Semi Sleeper (2+2),4:40,10:30,05h 50m,846,2 Seats available,"4.8
11",https://www.redbus.in/bus-tickets/chandigarh-to-kullu,Chandigarh to Kullu
Northern Travels,Volvo A/C Semi Sleeper (2+2),18:45,1:00,06h 15m,807,20 Seats available,"3.4
16",https://www.redbus.in/bus-tickets/palampur-to-chandigarh,Palampur to Chandigarh
HRTC - 127,Himsuta AC Seater Volvo/Scania 2+2,15:40,22:00,06h 20m,INR 784,34 Seats available,"3.9
20",https://www.redbus.in/bus-tickets/chandigarh-to-dharamshala,Chandigarh to Dharamshala (Himachal Pradesh)
HRTC - 573,Ordinary 3+2 Non AC Seater,19:40,2:00,06h 20m,INR 459,37 Seats available,"3.1
4",https://www.redbus.in/bus-tickets/chandigarh-to-dharamshala,Chandigarh to Dharamshala (Himachal Pradesh)
HRTC - 91,Himsuta AC Seater Volvo/Scania 2+2,22:10,4:40,06h 30m,INR 784,34 Seats available,"4.4
18",https://www.redbus.in/bus-tickets/chandigarh-to-dharamshala,Chandigarh to Dharamshala (Himachal Pradesh)
FlixBus,Volvo A/C Seater (2+2),18:40,1:10,06h 30m,INR 461.12,18 Seats available,4.1,https://www.redbus.in/bus-tickets/kangra-to-chandigarh,Kangra to Chandigarh
HRTC - 923,Ordinary 3+2 Non AC Seater,7:00,13:35,06h 35m,INR 430,37 Seats available,"4.2
8",https://www.redbus.in/bus-tickets/dharamshala-to-chandigarh,Dharamshala (Himachal Pradesh) to Chandigarh
HRTC - 652,Ordinary 3+2 Non AC Seater,6:20,13:00,06h 40m,INR 373,27 Seats available,3.9,https://www.redbus.in/bus-tickets/hamirpur-himachal-pradesh-to-chandigarh,Hamirpur (Himachal Pradesh) to Chandigarh
Ram Dalal Holidays,Volvo A/C Semi Sleeper (2+2),18:40,1:20,06h 40m,590,24 Seats available,"4.6
17",https://www.redbus.in/bus-tickets/palampur-to-chandigarh,Palampur to Chandigarh
HRTC - 1506,Himsuta AC Seater Volvo/Scania 2+2,8:50,15:30,06h 40m,INR 820,33 Seats available,"4.9
10",https://www.redbus.in/bus-tickets/chandigarh-to-kullu,Chandigarh to Kullu
HRTC - 1519,Himsuta AC Seater Volvo/Scania 2+2,14:20,21:00,06h 40m,INR 838,35 Seats available,"4.9
6",https://www.redbus.in/bus-tickets/chandigarh-to-kullu,Chandigarh to Kullu
Zingbus Plus,Volvo 9600 A/C Semi Sleeper (2+2),5:10,11:55,06h 45m,775,1 Seat available,"5.0
20",https://www.redbus.in/bus-tickets/chandigarh-to-kullu,Chandigarh to Kullu
HRTC - 1515,Ordinary 3+2 Non AC Seater,13:20,20:15,06h 55m,INR 373,37 Seats available,"3.2
5",https://www.redbus.in/bus-tickets/chandigarh-to-hamirpur-himachal-pradesh,Chandigarh to Hamirpur (Himachal Pradesh)
Laxmi holidays,Volvo A/C Semi Sleeper (2+2),18:15,1:15,07h 00m,664,36 Seats available,"4.6
90",https://www.redbus.in/bus-tickets/palampur-to-chandigarh,Palampur to Chandigarh
HRTC - 30,Himsuta AC Seater Volvo/Scania 2+2,8:00,15:00,07h 00m,INR 965,30 Seats available,"4.1
48",https://www.redbus.in/bus-tickets/manali-to-chandigarh,Manali to Chandigarh
HRTC - 1522,Himsuta AC Seater Volvo/Scania 2+2,22:00,5:00,07h 00m,INR 820,34 Seats available,"4.5
15",https://www.redbus.in/bus-tickets/chandigarh-to-kullu,Chandigarh to Kullu
HRTC - 587,Ordinary 3+2 Non AC Seater,18:25,1:25,07h 00m,INR 488,37 Seats available,4.2,https://www.redbus.in/bus-tickets/delhi-to-ghumarwin,Delhi to Ghumarwin
Ram Dalal Holidays,Volvo A/C Semi Sleeper (2+2),21:45,4:45,07h 00m,760,25 Seats available,"4.2
8",https://www.redbus.in/bus-tickets/delhi-to-ghumarwin,Delhi to Ghumarwin
HRTC - 1545,Ordinary 3+2 Non AC Seater,8:55,16:00,07h 05m,INR 477,27 Seats available,3.9,https://www.redbus.in/bus-tickets/chandigarh-to-kullu,Chandigarh to Kullu
HRTC - 16,Himsuta AC Seater Volvo/Scania 2+2,21:20,4:25,07h 05m,INR 916,34 Seats available,"2.7
12",https://www.redbus.in/bus-tickets/delhi-to-ghumarwin,Delhi to Ghumarwin
HRTC - 1507,Ordinary 3+2 Non AC Seater,18:40,1:50,07h 10m,INR 488,37 Seats available,3.9,https://www.redbus.in/bus-tickets/chandigarh-to-kullu,Chandigarh to Kullu
HRTC - 1213,Ordinary 3+2 Non AC Seater,22:47,6:00,07h 13m,INR 452,37 Seats available,3.9,https://www.redbus.in/bus-tickets/chandigarh-to-dharamshala,Chandigarh to Dharamshala (Himachal Pradesh)
HRTC - 430,Ordinary 3+2 Non AC Seater,9:25,16:40,07h 15m,INR 268,27 Seats available,3.9,https://www.redbus.in/bus-tickets/ghumarwin-to-chandigarh,Ghumarwin to Chandigarh
HRTC - 508,A/C Executive (2+3),12:00,19:25,07h 25m,INR 507,42 Seats available,"2.7
6",https://www.redbus.in/bus-tickets/chandigarh-to-kullu,Chandigarh to Kullu
HRTC - 541,Ordinary 3+2 Non AC Seater,19:14,2:42,07h 28m,INR 488,35 Seats available,4.2,https://www.redbus.in/bus-tickets/delhi-to-ghumarwin,Delhi to Ghumarwin
HRTC - 1,Himsuta AC Seater Volvo/Scania 2+2,10:00,17:30,07h 30m,INR 741,34 Seats available,"3.8
36",https://www.redbus.in/bus-tickets/solan-to-delhi,Solan to Delhi
Laxmi holidays,Volvo A/C Semi Sleeper (2+2),19:30,3:00,07h 30m,INR 499,39 Seats available,"4.6
5",https://www.redbus.in/bus-tickets/delhi-to-bilaspur-himachal-pradesh,Delhi to Bilaspur (Himachal Pradesh)
HRTC - 7,Himsuta AC Seater Volvo/Scania 2+2,9:25,17:00,07h 35m,INR 741,1 Seat available,"4.6
33",https://www.redbus.in/bus-tickets/delhi-to-solan,Delhi to Solan
GLOBAL HOLIDAYS ADVENTURE TOURS,A/C Semi Sleeper (2+2),22:25,6:00,07h 35m,438,33 Seats available,"3.8
52",https://www.redbus.in/bus-tickets/chandigarh-to-kullu,Chandigarh to Kullu
HRTC - 597,Himsuta AC Seater Volvo/Scania 2+2,20:35,4:25,07h 50m,INR 913,32 Seats available,"4.6
20",https://www.redbus.in/bus-tickets/delhi-to-bilaspur-himachal-pradesh,Delhi to Bilaspur (Himachal Pradesh)
HRTC - 1531,Ordinary 3+2 Non AC Seater,6:48,14:40,07h 52m,INR 391,35 Seats available,"2.2
5",https://www.redbus.in/bus-tickets/chandigarh-to-kangra,Chandigarh to Kangra
HRTC - 592,A/C Executive (2+3),8:05,16:00,07h 55m,INR 529,42 Seats available,"3.3
13",https://www.redbus.in/bus-tickets/delhi-to-solan,Delhi to Solan
HRTC - 552,Himmani Deluxe 2+2 Non AC Seater,19:45,3:40,07h 55m,INR 532,27 Seats available,"3.3
5",https://www.redbus.in/bus-tickets/delhi-to-ghumarwin,Delhi to Ghumarwin
Laxmi holidays,Scania Multi-Axle AC Semi Sleeper (2+2),20:30,4:30,08h 00m,569,15 Seats available,"4.5
709",https://www.redbus.in/bus-tickets/shimla-to-delhi,Shimla to Delhi
Laxmi holidays,Volvo 9600 A/C Semi Sleeper (2+2),23:00,7:00,08h 00m,759,39 Seats available,"4.6
116",https://www.redbus.in/bus-tickets/delhi-to-bilaspur-himachal-pradesh,Delhi to Bilaspur (Himachal Pradesh)
Laxmi holidays,Volvo 9600 A/C Semi Sleeper (2+2),22:00,6:00,08h 00m,664,43 Seats available,"4.4
54",https://www.redbus.in/bus-tickets/delhi-to-bilaspur-himachal-pradesh,Delhi to Bilaspur (Himachal Pradesh)
Laxmi holidays,Volvo 9600 A/C Semi Sleeper (2+2),21:00,5:00,08h 00m,664,45 Seats available,"4.4
13",https://www.redbus.in/bus-tickets/delhi-to-bilaspur-himachal-pradesh,Delhi to Bilaspur (Himachal Pradesh)
HRTC - 109,A/C Executive (2+3),10:40,18:44,08h 04m,INR 529,42 Seats available,"3.9
11",https://www.redbus.in/bus-tickets/solan-to-delhi,Solan to Delhi
HRTC - 1506,Himsuta AC Seater Volvo/Scania 2+2,8:50,17:00,08h 10m,INR 965,19 Seats available,"4.8
9",https://www.redbus.in/bus-tickets/chandigarh-to-manali,Chandigarh to Manali
HRTC - 508,A/C Executive (2+3),12:00,20:10,08h 10m,INR 594,42 Seats available,"2.7
14",https://www.redbus.in/bus-tickets/chandigarh-to-manali,Chandigarh to Manali
HRTC - 583,Ordinary 3+2 Non AC Seater,22:02,6:15,08h 13m,INR 469,37 Seats available,"4.6
7",https://www.redbus.in/bus-tickets/delhi-to-bilaspur-himachal-pradesh,Delhi to Bilaspur (Himachal Pradesh)
HRTC - 6,Himsuta AC Seater Volvo/Scania 2+2,6:45,15:00,08h 15m,INR 741,34 Seats available,"4.1
17",https://www.redbus.in/bus-tickets/delhi-to-solan,Delhi to Solan
HRTC - 110,Himsuta AC Seater Volvo/Scania 2+2,6:40,14:55,08h 15m,INR 814,34 Seats available,3.9,https://www.redbus.in/bus-tickets/dharamshala-to-chandigarh,Dharamshala (Himachal Pradesh) to Chandigarh
HRTC - 601,Himmani Deluxe 2+2 Non AC Seater,19:15,3:30,08h 15m,INR 532,26 Seats available,"3.1
9",https://www.redbus.in/bus-tickets/ghumarwin-to-delhi,Ghumarwin to Delhi
HRTC - 5,Himsuta AC Seater Volvo/Scania 2+2,11:00,19:15,08h 15m,INR 741,24 Seats available,"3.6
24",https://www.redbus.in/bus-tickets/solan-to-delhi,Solan to Delhi
HRTC - 534,Ordinary 3+2 Non AC Seater,18:05,2:20,08h 15m,INR 469,37 Seats available,4.2,https://www.redbus.in/bus-tickets/delhi-to-bilaspur-himachal-pradesh,Delhi to Bilaspur (Himachal Pradesh)
HRTC - 77,Himsuta AC Seater Volvo/Scania 2+2,22:15,6:30,08h 15m,INR 913,32 Seats available,"4.3
40",https://www.redbus.in/bus-tickets/delhi-to-bilaspur-himachal-pradesh,Delhi to Bilaspur (Himachal Pradesh)
City Land Travels,Scania Multi-Axle AC Semi Sleeper (2+2),23:55,8:15,08h 20m,709,36 Seats available,"3.6
34",https://www.redbus.in/bus-tickets/delhi-to-bilaspur-himachal-pradesh,Delhi to Bilaspur (Himachal Pradesh)
Metahills holidays,Scania A/C Semi Sleeper (2+2),23:21,7:50,08h 29m,1169,26 Seats available,3.3,https://www.redbus.in/bus-tickets/chandigarh-to-kullu,Chandigarh to Kullu
Laxmi holidays,Scania Multi-Axle AC Semi Sleeper (2+2),23:30,8:00,08h 30m,759,15 Seats available,"4.5
790",https://www.redbus.in/bus-tickets/delhi-to-shimla,Delhi to Shimla
HRTC - 887,Ordinary 3+2 Non AC Seater,8:00,16:30,08h 30m,INR 488,37 Seats available,"4.7
9",https://www.redbus.in/bus-tickets/ghumarwin-to-delhi,Ghumarwin to Delhi
HRTC - 58,Himsuta AC Seater Volvo/Scania 2+2,19:30,4:00,08h 30m,INR 860,34 Seats available,3.9,https://www.redbus.in/bus-tickets/chandigarh-to-kullu,Chandigarh to Kullu
HRTC - 530,Ordinary 3+2 Non AC Seater,18:20,2:50,08h 30m,INR 469,37 Seats available,4.2,https://www.redbus.in/bus-tickets/delhi-to-bilaspur-himachal-pradesh,Delhi to Bilaspur (Himachal Pradesh)
HRTC - 1545,Ordinary 3+2 Non AC Seater,8:55,17:30,08h 35m,INR 564,27 Seats available,3.9,https://www.redbus.in/bus-tickets/chandigarh-to-manali,Chandigarh to Manali
HRTC - 597,Himsuta AC Seater Volvo/Scania 2+2,20:35,5:10,08h 35m,INR 982,32 Seats available,"3.9
19",https://www.redbus.in/bus-tickets/delhi-to-ghumarwin,Delhi to Ghumarwin
Ram Dalal Holidays,Mercedes Multi-Axle Semi Sleeper (2+2),22:00,6:40,08h 40m,570,14 Seats available,"4.5
526",https://www.redbus.in/bus-tickets/shimla-to-delhi,Shimla to Delhi
HRTC - 600,Himsuta AC Seater Volvo/Scania 2+2,21:50,6:30,08h 40m,INR 883,30 Seats available,"4.2
16",https://www.redbus.in/bus-tickets/delhi-to-bilaspur-himachal-pradesh,Delhi to Bilaspur (Himachal Pradesh)
HRTC - 165,Himsuta AC Seater Volvo/Scania 2+2,7:00,15:45,08h 45m,INR 916,33 Seats available,"3.7
4",https://www.redbus.in/bus-tickets/delhi-to-ghumarwin,Delhi to Ghumarwin
HRTC - 505,Ordinary 3+2 Non AC Seater,6:40,15:30,08h 50m,INR 469,37 Seats available,"4.9
4",https://www.redbus.in/bus-tickets/delhi-to-bilaspur-himachal-pradesh,Delhi to Bilaspur (Himachal Pradesh)
HRTC - 1532,Ordinary 3+2 Non AC Seater,14:00,22:50,08h 50m,INR 462,37 Seats available,4.2,https://www.redbus.in/bus-tickets/delhi-to-bilaspur-himachal-pradesh,Delhi to Bilaspur (Himachal Pradesh)
HRTC - 563,Ordinary 3+2 Non AC Seater,20:50,5:45,08h 55m,INR 464,37 Seats available,4.2,https://www.redbus.in/bus-tickets/delhi-to-bilaspur-himachal-pradesh,Delhi to Bilaspur (Himachal Pradesh)
Bedi Travels,Volvo A/C Semi Sleeper (2+2),23:00,8:00,09h 00m,539,9 Seats available,"4.8
792",https://www.redbus.in/bus-tickets/delhi-to-shimla,Delhi to Shimla
HRTC - 110,Himsuta AC Seater Volvo/Scania 2+2,5:40,14:40,09h 00m,INR 820,33 Seats available,3.9,https://www.redbus.in/bus-tickets/dharamshala-to-chandigarh,Dharamshala (Himachal Pradesh) to Chandigarh
HRTC - 1544,Ordinary 3+2 Non AC Seater,21:40,6:40,09h 00m,INR 507,27 Seats available,3.9,https://www.redbus.in/bus-tickets/chandigarh-to-kullu,Chandigarh to Kullu
HRTC - 886,Ordinary 3+2 Non AC Seater,6:20,15:20,09h 00m,INR 488,37 Seats available,"5.0
4",https://www.redbus.in/bus-tickets/delhi-to-ghumarwin,Delhi to Ghumarwin
HRTC - 557,Ordinary 3+2 Non AC Seater,20:15,5:15,09h 00m,INR 488,37 Seats available,"4.1
13",https://www.redbus.in/bus-tickets/delhi-to-ghumarwin,Delhi to Ghumarwin
HRTC - 77,Himsuta AC Seater Volvo/Scania 2+2,22:15,7:15,09h 00m,INR 982,32 Seats available,"4.5
45",https://www.redbus.in/bus-tickets/delhi-to-ghumarwin,Delhi to Ghumarwin
HRTC - 534,Ordinary 3+2 Non AC Seater,18:05,3:10,09h 05m,INR 510,37 Seats available,4.2,https://www.redbus.in/bus-tickets/delhi-to-ghumarwin,Delhi to Ghumarwin
HRTC - 804,Ordinary 3+2 Non AC Seater,9:38,19:00,09h 22m,INR 564,37 Seats available,"4.0
8",https://www.redbus.in/bus-tickets/manali-to-chandigarh,Manali to Chandigarh
RSRTC - 192348,Super Luxury Volvo AC Seater Pushback 2+2,16:30,2:00,09h 30m,INR 1117,33 Seats available,"2.8
14",https://www.redbus.in/bus-tickets/shimla-to-delhi,Shimla to Delhi
HRTC - 514,Ordinary 3+2 Non AC Seater,17:40,3:15,09h 35m,INR 489,37 Seats available,3.9,https://www.redbus.in/bus-tickets/chandigarh-to-kullu,Chandigarh to Kullu
Ram Dalal Holidays,Volvo A/C Semi Sleeper (2+2),21:50,7:40,09h 50m,750,28 Seats available,"4.2
341",https://www.redbus.in/bus-tickets/delhi-to-shimla,Delhi to Shimla
HRTC - 1468,Ordinary 3+2 Non AC Seater,9:15,19:05,09h 50m,INR 475,37 Seats available,4.2,https://www.redbus.in/bus-tickets/delhi-to-ghumarwin,Delhi to Ghumarwin
HRTC - 165,Himsuta AC Seater Volvo/Scania 2+2,7:00,17:10,10h 10m,INR 1068,34 Seats available,"4.3
37",https://www.redbus.in/bus-tickets/delhi-to-hamirpur-himachal-pradesh,Delhi to Hamirpur (Himachal Pradesh)
HRTC - 680,Ordinary 3+2 Non AC Seater,18:18,4:30,10h 12m,INR 510,33 Seats available,4,https://www.redbus.in/bus-tickets/ghumarwin-to-delhi,Ghumarwin to Delhi
HRTC - 580,Ordinary 3+2 Non AC Seater,22:45,9:00,10h 15m,INR 452,37 Seats available,4.2,https://www.redbus.in/bus-tickets/delhi-to-bilaspur-himachal-pradesh,Delhi to Bilaspur (Himachal Pradesh)
HRTC - 164,Himsuta AC Seater Volvo/Scania 2+2,9:30,20:05,10h 35m,INR 1068,25 Seats available,"4.7
26",https://www.redbus.in/bus-tickets/hamirpur-himachal-pradesh-to-delhi,Hamirpur (Himachal Pradesh) to Delhi
HRTC - 602,,17:20,4:00,10h 40m,INR 604,,3.2,https://www.redbus.in/bus-tickets/hamirpur-himachal-pradesh-to-delhi,Hamirpur (Himachal Pradesh) to Delhi
HRTC - 791,Ordinary 3+2 Non AC Seater,8:40,19:40,11h 00m,INR 564,28 Seats available,3.9,https://www.redbus.in/bus-tickets/manali-to-chandigarh,Manali to Chandigarh
HRTC - 514,Ordinary 3+2 Non AC Seater,11:30,22:30,11h 00m,INR 452,37 Seats available,4.2,https://www.redbus.in/bus-tickets/delhi-to-bilaspur-himachal-pradesh,Delhi to Bilaspur (Himachal Pradesh)
HRTC - 554,Ordinary 3+2 Non AC Seater,20:00,7:00,11h 00m,INR 496,37 Seats available,4.2,https://www.redbus.in/bus-tickets/delhi-to-bilaspur-himachal-pradesh,Delhi to Bilaspur (Himachal Pradesh)
HRTC - 416,Ordinary 3+2 Non AC Seater,17:10,4:15,11h 05m,INR 634,37 Seats available,"4.6
6",https://www.redbus.in/bus-tickets/delhi-to-hamirpur-himachal-pradesh,Delhi to Hamirpur (Himachal Pradesh)
HRTC - 617,Ordinary 3+2 Non AC Seater,7:30,19:00,11h 30m,INR 634,33 Seats available,"3.5
5",https://www.redbus.in/bus-tickets/hamirpur-himachal-pradesh-to-delhi,Hamirpur (Himachal Pradesh) to Delhi
HRTC - 1468,Ordinary 3+2 Non AC Seater,9:15,21:20,12h 05m,INR 567,37 Seats available,4.1,https://www.redbus.in/bus-tickets/delhi-to-hamirpur-himachal-pradesh,Delhi to Hamirpur (Himachal Pradesh)
HRTC - 603,Ordinary 3+2 Non AC Seater,16:40,5:00,12h 20m,INR 643,33 Seats available,"4.4
27",https://www.redbus.in/bus-tickets/hamirpur-himachal-pradesh-to-delhi,Hamirpur (Himachal Pradesh) to Delhi
HRTC - 1005,Ordinary 3+2 Non AC Seater,7:00,20:30,13h 30m,INR 775,27 Seats available,2.5,https://www.redbus.in/bus-tickets/chamba-himachal-pradesh-to-shimla,Chamba (Himachal Pradesh) to Shimla
HRTC - 1012,,18:30,8:15,13h 45m,INR 780,28 Seats available,3,https://www.redbus.in/bus-tickets/chamba-himachal-pradesh-to-shimla,Chamba (Himachal Pradesh) to Shimla
HRTC - 1009,Ordinary 3+2 Non AC Seater,17:00,7:30,14h 30m,INR 837,35 Seats available,"4.3
7",https://www.redbus.in/bus-tickets/chamba-himachal-pradesh-to-shimla,Chamba (Himachal Pradesh) to Shimla
HRTC - 1001,A/C Executive (2+3),17:15,8:15,15h 00m,INR 924,44 Seats available,"1.9
44",https://www.redbus.in/bus-tickets/chamba-himachal-pradesh-to-shimla,Chamba (Himachal Pradesh) to Shimla
,,,,,,,,https://www.redbus.in/bus-tickets/delhi-to-shimla,Delhi to Shimla
,,,,,,,,https://www.redbus.in/bus-tickets/chandigarh-to-hamirpur-himachal-pradesh,Chandigarh to Hamirpur (Himachal Pradesh)
,,,,,,,,https://www.redbus.in/bus-tickets/hamirpur-himachal-pradesh-to-chandigarh,Hamirpur (Himachal Pradesh) to Chandigarh
,,,,,,,,https://www.redbus.in/bus-tickets/shimla-to-delhi,Shimla to Delhi
,,,,,,,,https://www.redbus.in/bus-tickets/delhi-to-chandigarh,Delhi to Chandigarh
,,,,,,,,https://www.redbus.in/bus-tickets/hamirpur-himachal-pradesh-to-delhi,Hamirpur (Himachal Pradesh) to Delhi
,,,,,,,,https://www.redbus.in/bus-tickets/delhi-to-hamirpur-himachal-pradesh,Delhi to Hamirpur (Himachal Pradesh)
,,,,,,,,https://www.redbus.in/bus-tickets/chandigarh-to-dharamshala,Chandigarh to Dharamshala (Himachal Pradesh)
,,,,,,,,https://www.redbus.in/bus-tickets/kangra-to-chandigarh,Kangra to Chandigarh
,,,,,,,,https://www.redbus.in/bus-tickets/shimla-to-chandigarh,Shimla to Chandigarh
,,,,,,,,https://www.redbus.in/bus-tickets/delhi-to-solan,Delhi to Solan
,,,,,,,,https://www.redbus.in/bus-tickets/dharamshala-to-chandigarh,Dharamshala (Himachal Pradesh) to Chandigarh
,,,,,,,,https://www.redbus.in/bus-tickets/palampur-to-chandigarh,Palampur to Chandigarh
,,,,,,,,https://www.redbus.in/bus-tickets/ghumarwin-to-delhi,Ghumarwin to Delhi
,,,,,,,,https://www.redbus.in/bus-tickets/chandigarh-to-kangra,Chandigarh to Kangra
,,,,,,,,https://www.redbus.in/bus-tickets/manali-to-chandigarh,Manali to Chandigarh
,,,,,,,,https://www.redbus.in/bus-tickets/solan-to-delhi,Solan to Delhi
,,,,,,,,https://www.redbus.in/bus-tickets/chandigarh-to-manali,Chandigarh to Manali
,,,,,,,,https://www.redbus.in/bus-tickets/chamba-himachal-pradesh-to-shimla,Chamba (Himachal Pradesh) to Shimla
